epoch,step,train_loss
0,49,0.0800682082772255
0,99,0.03966674208641052
